Workbook

Sheet Resumen estadístico
B6: Nombre EECC | K6: Nro de supervisores EECC
B7: Dependencia donde presta Servicios | K7: Nro de EPR EECC
B8: Mes informado | K8: Dotación Total
B9: Nro de personas nuevas ingresadas en el mes
B11: DESEMPEÑO
B13: Resumen de Capacitaciones | J13: IMC | L13: % Cumplimiento de Resolución de Tarjetas | N13: Asistencia CPHS (si es que Aplica) | P13: Cumplimiento TOTAL del Programa
B14: Tema tratado | F14: N° de Personas Capacitadas | H14: HH de Capacitación
B19: MÓDULOS | D19: Ene | E19: Feb | F19: Mar | G19: Abr | H19: May | I19: Jun | J19: Jul | K19: Ago | L19: Sept | M19: Oct | N19: Nov | O19: Dic | P19: TOTAL
B20: ELEMENTO 1: Liderazgo y compromiso | D20: ='+Seguridad Contra. PR Movilizad'!H12 | E20: ='+Seguridad Contra. PR Movilizad'!I12 | F20: ='+Seguridad Contra. PR Movilizad'!J12 | G20: ='+Seguridad Contra. PR Movilizad'!K12 | H20: ='+Seguridad Contra. PR Movilizad'!L12 | I20: ='+Seguridad Contra. PR Movilizad'!M12 | J20: ='+Seguridad Contra. PR Movilizad'!N12 | K20: ='+Seguridad Contra. PR Movilizad'!O12 | ... O20: ='+Seguridad Contra. PR Movilizad'!S12 | P20: =AVERAGE(D20:O20)
B21: ELEMENTO 2: Evaluación del riesgo y Gestión del riesgo | D21: ='+Seguridad Contra. PR Movilizad'!H16 | E21: ='+Seguridad Contra. PR Movilizad'!I16 | F21: ='+Seguridad Contra. PR Movilizad'!J16 | G21: ='+Seguridad Contra. PR Movilizad'!K16 | H21: ='+Seguridad Contra. PR Movilizad'!L16 | I21: ='+Seguridad Contra. PR Movilizad'!M16 | J21: ='+Seguridad Contra. PR Movilizad'!N16 | K21: ='+Seguridad Contra. PR Movilizad'!O16 | ... O21: ='+Seguridad Contra. PR Movilizad'!S16 | P21: =AVERAGE(D21:O21)
B22: ELEMENTO 5: Competencias y capacitación del personal | D22: ='+Seguridad Contra. PR Movilizad'!H20 | E22: ='+Seguridad Contra. PR Movilizad'!I20 | F22: ='+Seguridad Contra. PR Movilizad'!J20 | G22: ='+Seguridad Contra. PR Movilizad'!K20 | H22: ='+Seguridad Contra. PR Movilizad'!L20 | I22: ='+Seguridad Contra. PR Movilizad'!M20 | J22: ='+Seguridad Contra. PR Movilizad'!N20 | K22: ='+Seguridad Contra. PR Movilizad'!O20 | ... O22: ='+Seguridad Contra. PR Movilizad'!S20 | P22: =AVERAGE(D22:O22)
B23: ELEMENTO 6: Operaciones ELEMENTO 7: Integridad Mecánica | D23: ='+Seguridad Contra. PR Movilizad'!H23 | E23: ='+Seguridad Contra. PR Movilizad'!I23 | F23: ='+Seguridad Contra. PR Movilizad'!J23 | G23: ='+Seguridad Contra. PR Movilizad'!K23 | H23: ='+Seguridad Contra. PR Movilizad'!L23 | I23: ='+Seguridad Contra. PR Movilizad'!M23 | J23: ='+Seguridad Contra. PR Movilizad'!N23 | K23: ='+Seguridad Contra. PR Movilizad'!O23 | ... O23: ='+Seguridad Contra. PR Movilizad'!S23 | P23: =AVERAGE(D23:O23)
B24: ELEMENTO 9: Servicios de terceros | D24: ='+Seguridad Contra. PR Movilizad'!H26 | E24: ='+Seguridad Contra. PR Movilizad'!I26 | F24: ='+Seguridad Contra. PR Movilizad'!J26 | G24: ='+Seguridad Contra. PR Movilizad'!K26 | H24: ='+Seguridad Contra. PR Movilizad'!L26 | I24: ='+Seguridad Contra. PR Movilizad'!M26 | J24: ='+Seguridad Contra. PR Movilizad'!N26 | K24: ='+Seguridad Contra. PR Movilizad'!O26 | ... O24: ='+Seguridad Contra. PR Movilizad'!S26 | P24: =AVERAGE(D24:O24)
B25: ELEMENTO 10: Investigación de accidentes | D25: ='+Seguridad Contra. PR Movilizad'!H30 | E25: ='+Seguridad Contra. PR Movilizad'!I30 | F25: ='+Seguridad Contra. PR Movilizad'!J30 | G25: ='+Seguridad Contra. PR Movilizad'!K30 | H25: ='+Seguridad Contra. PR Movilizad'!L30 | I25: ='+Seguridad Contra. PR Movilizad'!M30 | J25: ='+Seguridad Contra. PR Movilizad'!N30 | K25: ='+Seguridad Contra. PR Movilizad'!O30 | ... O25: ='+Seguridad Contra. PR Movilizad'!S30 | P25: =AVERAGE(D25:O25)
B26: ELEMENTO 12: Evaluación y Mejora de la Integridad de las Operaciones | D26: ='+Seguridad Contra. PR Movilizad'!H34 | E26: ='+Seguridad Contra. PR Movilizad'!I34 | F26: ='+Seguridad Contra. PR Movilizad'!J34 | G26: ='+Seguridad Contra. PR Movilizad'!K34 | H26: ='+Seguridad Contra. PR Movilizad'!L34 | I26: ='+Seguridad Contra. PR Movilizad'!M34 | J26: ='+Seguridad Contra. PR Movilizad'!N34 | K26: ='+Seguridad Contra. PR Movilizad'!O34 | ... O26: ='+Seguridad Contra. PR Movilizad'!S34 | P26: =AVERAGE(D26:O26)
B27: TOTAL MENSUAL | D27: =AVERAGE(D20:D26) | E27: =AVERAGE(E20:E26) | F27: =AVERAGE(F20:F26) | G27: =AVERAGE(G20:G26) | H27: =AVERAGE(H20:H26) | I27: =AVERAGE(I20:I26) | J27: =AVERAGE(J20:J26) | K27: =AVERAGE(K20:K26) | ... O27: =AVERAGE(O20:O26) | P27: =AVERAGE(D27:O27)
B29: RESULTADOS
C31: Mes | D31: Num. Acc. | E31: Acc. Acum. | F31: Días Perdidos | G31: D. Pérdidos Acum. | H31: HH Trabajadas Mensual | I31: Numero Trab. | J31: Prom. Trab. | K31: TASAS MENSUALES
K32: Accid. | L32: Siniestralidad | M32: Frec. | N32: Grav.
C33: Enero | E33: =(D33) | G33: =(F33) | J33: =(I33) | K33: =(D33/I33)*100 -> #DIV/0! | L33: =(E33/J33)*100 -> #DIV/0! | M33: =(D33/H33)*1000000 -> #DIV/0! | N33: =(F33/H33)*1000000 -> #DIV/0!
C34: Febrero | E34: =(E33+D34) | G34: =(G33+F34) | J34: =(I34) | K34: =(D34/I34)*100 -> #DIV/0! | L34: =(E34/J34)*100 -> #DIV/0! | M34: =(D34/H34)*1000000 -> #DIV/0! | N34: =(F34/H34)*1000000 -> #DIV/0!
C35: Marzo | E35: =E34+D35 | G35: =(G34+F35) | J35: =(I33+I34+I35)/3 | K35: =(D35/I35)*100 -> #DIV/0! | L35: =(E35/J35)*100 -> #DIV/0! | M35: =(D35/H35)*1000000 -> #DIV/0! | N35: =(F35/H35)*1000000 -> #DIV/0!
C36: Abril | E36: =E35+D36 | G36: =(G35+F36) | J36: =(I34+I35+I36)/3 | K36: =(D36/I36)*100 -> #DIV/0! | L36: =(E36/J36)*100 -> #DIV/0! | M36: =(D36/H36)*1000000 -> #DIV/0! | N36: =(F36/H36)*1000000 -> #DIV/0!
C37: Mayo | E37: =E36+D37 | G37: =(G36+F37) | J37: =(I35+I36+I37)/3 | K37: =(D37/I37)*100 -> #DIV/0! | L37: =(E37/J37)*100 -> #DIV/0! | M37: =(D37/H37)*1000000 -> #DIV/0! | N37: =(F37/H37)*1000000 -> #DIV/0!
C38: Junio | E38: =E37+D38 | G38: =(G37+F38) | J38: =(I36+I37+I38)/3 | K38: =(D38/I38)*100 -> #DIV/0! | L38: =(E38/J38)*100 -> #DIV/0! | M38: =(D38/H38)*1000000 -> #DIV/0! | N38: =(F38/H38)*1000000 -> #DIV/0!
C39: Julio | E39: =E38+D39 | G39: =(G38+F39) | J39: =(I37+I38+I39)/3 | K39: =(D39/I39)*100 -> #DIV/0! | L39: =(E39/J39)*100 -> #DIV/0! | M39: =(D39/H39)*1000000 -> #DIV/0! | N39: =(F39/H39)*1000000 -> #DIV/0!
C40: Agosto | E40: =E39+D40 | G40: =(G39+F40) | J40: =(I38+I39+I40)/3 | K40: =(D40/I40)*100 -> #DIV/0! | L40: =(E40/J40)*100 -> #DIV/0! | M40: =(D40/H40)*1000000 -> #DIV/0! | N40: =(F40/H40)*1000000 -> #DIV/0!
C41: Septiembre | E41: =E40+D41 | G41: =(G40+F41) | J41: =(I39+I40+I41)/3 | K41: =(D41/I41)*100 -> #DIV/0! | L41: =(E41/J41)*100 -> #DIV/0! | M41: =(D41/H41)*1000000 -> #DIV/0! | N41: =(F41/H41)*1000000 -> #DIV/0!
C42: Octubre | E42: =E41+D42 | G42: =(G41+F42) | J42: =(I40+I41+I42)/3 | K42: =(D42/I42)*100 -> #DIV/0! | L42: =(E42/J42)*100 -> #DIV/0! | M42: =(D42/H42)*1000000 -> #DIV/0! | N42: =(F42/H42)*1000000 -> #DIV/0!
C43: Noviembre | E43: =E42+D43 | G43: =(G42+F43) | J43: =(I41+I42+I43)/3 | K43: =(D43/I43)*100 -> #DIV/0! | L43: =(E43/J43)*100 -> #DIV/0! | M43: =(D43/H43)*1000000 -> #DIV/0! | N43: =(F43/H43)*1000000 -> #DIV/0!
C44: Diciembre | E44: =E43+D44 | G44: =(G43+F44) | J44: =(I42+I43+I44)/3 | K44: =(D44/I44)*100 -> #DIV/0! | L44: =(E44/J44)*100 -> #DIV/0! | M44: =(D44/H44)*1000000 -> #DIV/0! | N44: =(F44/H44)*1000000 -> #DIV/0!
C46: Nombre Accidentado | H46: Fecha Accidente | I46: Hora Accidente | J46: Fecha Presentación Mutualidad | K46: Fecha Alta Médica | L46: Nº Dias Pérdidos del MES | M46: Nº Días Pérdidos Acum. | N46: Informe de Investigación
